Phenotype,Sex_chromosomes,rs139052738†,rs886040801 ,Expression BMX,Expression BRCA2
unaffected,XX,C/T,T/T,317,497
unaffected,XY,T,T/G,333,252
unaffected,XX,C/T,G/T,300,274.5
unaffected,XY,T,G/T,334,283
unaffected,XX,C/C,T/T,379,412
unaffected,XX,C/T,G/T,391,237
unaffected,XX,C/T,T/G,311,245.5
unaffected,XX,C/T,T/G,355,276
unaffected,XY,T,T/G,346,252
unaffected,XY,C,T/T,320,431
unaffected,XX,C/C,T/G,363,280
familial cancer,XX,T/T,G/G,399,80
unaffected,XX,T/C,G/T,365,235.5
unaffected,XX,T/C,T/T,376,435
unaffected,XX,C/C,G/T,315,260
unaffected,XY,T,T/G,372,251
unaffected,XX,T/C,T/T,324,492
familial cancer,XX,C/T,G/G,331,35
unaffected,XX,C/C,T/G,302,269.5
unaffected,XX,C/C,G/T,353,269.5
unaffected,XY,T,G/T,307,210.5
unaffected,XY,C,T/T,398,438
unaffected,XY,T,T/T,388,470
unaffected,XX,T/C,T/T,307,415
unaffected,XY,T,T/T,351,481
unaffected,XX,T/C,T/T,342,407
unaffected,XY,T,G/T,350,272
unaffected,XX,T/T,T/G,334,264.5
unaffected,XX,T/T,T/T,374,436
familial cancer,XX,T/C,G/G,343,66
unaffected,XX,C/T,G/T,306,217
familial cancer,XY,C,G/G,322,61
unaffected,XY,T,T/T,328,410
unaffected,XX,C/C,T/G,391,243
familial cancer,XX,C/T,G/G,304,87
familial cancer,XX,T/C,G/G,376,41
unaffected,XX,C/T,T/G,300,249
unaffected,XX,C/C,G/G,352,92
unaffected,XY,T,T/G,315,284
unaffected,XX,T/T,T/G,378,253
unaffected,XX,C/T,T/T,323,426
unaffected,XX,C/C,G/T,387,232.5
unaffected,XX,T/T,G/T,304,261.5
unaffected,XY,T,G/T,326,252.5
unaffected,XY,C,G/T,381,262.5
unaffected,XY,T,T/T,385,482
unaffected,XX,T/T,G/T,324,245.5
unaffected,XY,C,G/T,353,285.5
unaffected,XX,C/C,T/T,333,435
unaffected,XY,C,T/G,345,284
unaffected,XX,T/T,G/T,328,276
unaffected,XX,T/C,T/G,391,257
familial cancer,XX,C/T,G/G,339,98
familial cancer,XX,T/T,G/G,347,77
familial cancer,XY,T,G/G,305,93
unaffected,XY,C,G/T,395,240
familial cancer,XX,C/T,G/G,399,55
unaffected,XX,C/C,T/G,354,262.5
familial cancer,XX,T/C,G/G,386,89
familial cancer,XX,C/T,G/G,352,85
unaffected,XX,T/T,T/T,345,499
unaffected,XY,T,T/T,372,488
unaffected,XX,C/C,T/G,348,227.5
unaffected,XX,T/C,T/G,317,247.5
unaffected,XX,C/T,T/G,360,289.5
familial cancer,XX,C/C,G/G,327,54
unaffected,XY,T,T/T,388,492
familial cancer,XY,T,G/G,316,72
unaffected,XY,T,G/T,328,228.5
unaffected,XX,T/T,G/T,391,244
unaffected,XY,T,T/T,311,420
unaffected,XX,T/T,G/T,339,293.5
familial cancer,XY,T,G/G,355,21
unaffected,XX,C/C,T/G,366,256.5
familial cancer,XX,T/T,G/G,355,74
unaffected,XX,C/C,T/T,323,405
unaffected,XX,C/T,T/T,339,496
unaffected,XY,T,T/G,360,276.5
unaffected,XY,T,T/T,313,413
familial cancer,XX,C/C,G/G,385,54
familial cancer,XX,T/C,G/G,352,27
unaffected,XX,T/T,T/G,384,264.5
unaffected,XX,C/T,T/G,387,239
familial cancer,XX,C/T,G/G,391,41
familial cancer,XY,T,G/G,305,80
unaffected,XX,T/T,T/T,399,453
unaffected,XX,C/T,G/T,314,268.5
familial cancer,XX,T/T,G/G,369,79
unaffected,XX,T/C,T/T,379,452
familial cancer,XY,T,G/G,396,39
unaffected,XY,T,G/T,316,267
familial cancer,XY,T,G/G,370,80
unaffected,XX,T/T,G/T,310,290
familial cancer,XY,T,G/G,317,92
unaffected,XX,C/C,G/T,316,228.5
unaffected,XY,T,T/T,353,490
unaffected,XX,T/T,G/T,328,255.5
unaffected,XX,C/C,T/T,360,500
unaffected,XX,C/T,T/T,379,494
unaffected,XX,T/T,G/T,307,246
familial cancer,XY,T,G/G,381,59
unaffected,XY,T,G/T,379,243.5
unaffected,XX,T/C,T/G,344,250
unaffected,XX,T/T,G/T,390,233.5
unaffected,XX,T/T,T/G,329,239.5
unaffected,XX,T/T,G/T,365,253.5
familial cancer,XX,C/T,G/G,307,88
unaffected,XY,T,T/G,316,231
unaffected,XX,C/T,G/T,371,226.5
unaffected,XX,C/T,G/T,350,257.5
unaffected,XX,C/C,T/G,381,235
unaffected,XX,T/T,T/T,346,440
familial cancer,XY,T,G/T,355,276.5
unaffected,XY,C,T/G,366,278
unaffected,XY,C,T/G,349,258
unaffected,XX,C/T,T/T,374,484
unaffected,XY,T,T/T,378,476
familial cancer,XX,C/C,G/G,393,95
unaffected,XY,T,T/G,305,274.5
unaffected,XX,T/T,T/G,339,266.5
unaffected,XX,C/T,T/G,339,248
unaffected,XX,C/C,T/T,385,495
familial cancer,XX,T/C,G/G,301,38
unaffected,XY,T,T/T,366,446
unaffected,XY,C,T/G,361,293.5
unaffected,XX,C/T,T/T,372,450
unaffected,XX,C/T,T/G,360,244.5
unaffected,XX,C/T,T/T,310,403
familial cancer,XX,T/C,G/G,324,91
unaffected,XX,T/T,T/T,318,470
unaffected,XY,C,T/G,325,263
unaffected,XX,C/C,G/T,308,227
unaffected,XX,T/C,G/T,367,260
familial cancer,XX,T/T,G/G,362,43
unaffected,XX,C/T,T/T,378,407
unaffected,XY,C,T/T,380,430
unaffected,XY,C,G/T,388,233
unaffected,XY,C,G/G,372,24
unaffected,XX,C/T,T/T,331,445
unaffected,XY,C,T/G,345,273.5
unaffected,XX,C/C,G/T,351,269.5
unaffected,XY,T,T/G,373,238
unaffected,XX,C/T,T/T,378,484
unaffected,XX,T/C,G/T,331,213
familial cancer,XX,T/C,G/G,361,75
unaffected,XX,C/T,T/T,313,475
familial cancer,XY,T,G/G,339,59
unaffected,XY,T,G/T,334,265